time,vehicle,category,severity,message
15:04:24,System,STATUS,INFO,"โหลด 1 IP จาก SQLite"
15:04:24,System,STATUS,INFO,"ขนาดฟอนต์ → 130% (235 องค์ประกอบ)"
15:04:24,Drone 1,STATUS,INFO,"color → #e11d48"
15:04:24,Drone 2,STATUS,INFO,"color → #2563eb"
15:04:24,Drone 3,STATUS,INFO,"color → #0d9488"
15:04:24,Drone 4,STATUS,INFO,"color → #9f1239"
15:04:24,Drone 5,STATUS,INFO,"color → #db2777"
15:04:24,Drone 6,STATUS,INFO,"color → #65a30d"
15:04:24,System,STATUS,INFO,"autoload cockpit settings"
15:04:24,System,STATUS,INFO,"subscribed to telemetry + events [mTLS]"
15:04:24,Drone 1,STATUS,INFO,"PING 1 ms · ICMP"
15:04:24,System,STATUS,INFO,"โหมดการบิน → FLIGHT"
15:04:25,System,STATUS,INFO,"map loaded"
15:04:29,Drone 1,STATUS,INFO,"PING 1 ms · ICMP"
15:04:32,Drone 1,COMMAND,INFO,"CONNECT Drone 1 → 127.0.0.1:5760 [tcp]"
15:04:32,System,COMMAND,INFO,"CONNECT: ok=True connected"
15:04:32,Drone 1,TELEMETRY,INFO,"CONNECTING UNKNOWN alt=0.0 bat=0% sat=0"
15:04:33,Drone 1,TELEMETRY,INFO,"CONNECTING UNKNOWN alt=0.0 bat=0% sat=0"
15:04:34,Drone 1,COMMAND,SUCCESS,"เลือก Head อัตโนมัติ → Drone 1"
15:04:34,Drone 1,STATUS,INFO,"PING 1 ms · ICMP"
15:04:35,Drone 1,COMMAND,INFO,"DELETE Drone 1 · remove from fleet"
15:04:35,Drone 1,STATUS,INFO,"removed from fleet"
15:04:35,System,COMMAND,INFO,"DELETE: ok=True"
15:05:00,Drone 1,COMMAND,INFO,"SCAN → CONNECT 192.168.40.38:5760 as Drone 1"
15:05:00,System,COMMAND,INFO,"CONNECT: ok=True connected"
15:05:00,Drone 1,STATUS,INFO,"Drone 1 added to fleet"
15:05:00,Drone 1,TELEMETRY,INFO,"CONNECTING UNKNOWN alt=0.0 bat=0% sat=0"
15:05:01,Drone 1,STATUS,INFO,"PING 5 ms · ICMP"
15:05:02,Drone 1,COMMAND,SUCCESS,"เลือก Head อัตโนมัติ → Drone 1"
15:05:02,Drone 1,TELEMETRY,INFO,"READY ALT_HOLD alt=-0.9 bat=99% sat=12"
15:05:03,Drone 1,TELEMETRY,INFO,"READY ALT_HOLD alt=-1.0 bat=99% sat=12"
15:05:04,Drone 1,STATUS,INFO,"PING 4 ms · ICMP"
15:05:05,Drone 1,TELEMETRY,INFO,"READY ALT_HOLD alt=-1.0 bat=99% sat=12"
15:05:06,Drone 1,TELEMETRY,INFO,"READY ALT_HOLD alt=-0.9 bat=99% sat=12"
15:05:08,Drone 1,TELEMETRY,INFO,"READY ALT_HOLD alt=-0.8 bat=99% sat=13"
15:05:09,Drone 1,STATUS,INFO,"PING 5 ms · ICMP"
15:05:09,Drone 1,TELEMETRY,INFO,"READY ALT_HOLD alt=-0.8 bat=99% sat=13"
15:05:11,Drone 1,TELEMETRY,INFO,"READY ALT_HOLD alt=-0.8 bat=99% sat=13"
15:05:12,Drone 1,TELEMETRY,INFO,"READY ALT_HOLD alt=-0.7 bat=99% sat=13"
15:05:14,Drone 1,STATUS,INFO,"PING 9 ms · ICMP"
15:05:14,Drone 1,TELEMETRY,INFO,"READY ALT_HOLD alt=-0.8 bat=99% sat=13"
15:05:15,Drone 1,TELEMETRY,INFO,"READY ALT_HOLD alt=-0.8 bat=99% sat=13"
15:05:17,Drone 1,TELEMETRY,INFO,"READY ALT_HOLD alt=-0.8 bat=99% sat=13"
15:05:18,Drone 1,TELEMETRY,INFO,"READY ALT_HOLD alt=-0.8 bat=99% sat=13"
15:05:19,Drone 1,STATUS,INFO,"PING 30 ms · ICMP"
15:05:20,Drone 1,TELEMETRY,INFO,"READY ALT_HOLD alt=-0.9 bat=99% sat=13"
15:05:21,Drone 1,TELEMETRY,INFO,"READY ALT_HOLD alt=-1.0 bat=99% sat=13"
15:05:23,Drone 1,COMMAND,INFO,"MODE GUIDED → 1"
15:05:23,System,COMMAND,INFO,"MODE GUIDED: ok=True 1 drone(s) ACCEPTED"
15:05:23,Drone 1,TELEMETRY,INFO,"READY GUIDED alt=-1.1 bat=99% sat=13"
15:05:24,Drone 1,STATUS,INFO,"PING 64 ms · ICMP"
15:05:24,Drone 1,TELEMETRY,INFO,"READY GUIDED alt=-1.1 bat=99% sat=13"
15:05:26,Drone 1,TELEMETRY,INFO,"READY GUIDED alt=-1.1 bat=99% sat=13"
15:05:27,Drone 1,TELEMETRY,INFO,"READY GUIDED alt=-0.7 bat=99% sat=12"
15:05:29,Drone 1,STATUS,INFO,"PING 2 ms · ICMP"
15:05:29,Drone 1,TELEMETRY,INFO,"READY GUIDED alt=-0.7 bat=99% sat=12"
15:05:30,Drone 1,TELEMETRY,INFO,"READY GUIDED alt=-0.7 bat=99% sat=12"
15:05:32,Drone 1,TELEMETRY,INFO,"READY GUIDED alt=-0.7 bat=99% sat=12"
15:05:33,System,COMMAND,INFO,"SERVO B CH8 — สั่ง (PWM 1950) · 1 ลำ [RC7=1050 RC8=900 · SV7=0 SV8=900]"
15:05:33,System,COMMAND,INFO,"SERVO B D1: FAILED — ไม่ได้รับคำตอบจาก core (ดู log ของ core)"
15:05:33,Drone 1,TELEMETRY,INFO,"READY GUIDED alt=-0.6 bat=99% sat=12"
15:05:34,Drone 1,STATUS,INFO,"PING 11 ms · ICMP"
15:05:35,Drone 1,TELEMETRY,INFO,"READY GUIDED alt=-0.6 bat=99% sat=12"
15:05:36,Drone 1,TELEMETRY,INFO,"READY GUIDED alt=-0.6 bat=99% sat=12"
15:05:38,Drone 1,TELEMETRY,INFO,"READY GUIDED alt=-0.6 bat=99% sat=11"
15:05:39,Drone 1,STATUS,INFO,"PING 5 ms · ICMP"
15:05:39,Drone 1,TELEMETRY,INFO,"READY GUIDED alt=-0.6 bat=99% sat=11"
15:05:41,Drone 1,TELEMETRY,INFO,"READY GUIDED alt=-0.6 bat=99% sat=12"
15:05:42,System,COMMAND,INFO,"SERVO B CH8 — ยกเลิก (คืนช่องให้รีโมท) · 1 ลำ [RC7=1050 RC8=900 · SV7=0 SV8=900]"
15:05:42,System,COMMAND,INFO,"SERVO B D1: FAILED — ไม่ได้รับคำตอบจาก core (ดู log ของ core)"
15:05:42,Drone 1,TELEMETRY,INFO,"READY GUIDED alt=-0.7 bat=99% sat=13"
15:05:43,System,COMMAND,SUCCESS,"SERVO B ปิดแล้ว · คืนช่องให้รีโมท (ห้องว่าง)"
15:05:44,Drone 1,STATUS,INFO,"PING 5 ms · ICMP"
15:05:44,Drone 1,TELEMETRY,INFO,"READY GUIDED alt=-0.7 bat=99% sat=13"
15:05:45,System,COMMAND,INFO,"SERVO B CH8 — สั่ง (PWM 1950) · 1 ลำ [RC7=1050 RC8=900 · SV7=0 SV8=900]"
15:05:45,System,COMMAND,INFO,"SERVO B D1: FAILED — ไม่ได้รับคำตอบจาก core (ดู log ของ core)"
15:05:46,Drone 1,TELEMETRY,INFO,"READY GUIDED alt=-0.9 bat=99% sat=12"
15:05:47,Drone 1,TELEMETRY,INFO,"READY GUIDED alt=-1.0 bat=99% sat=12"
15:05:49,Drone 1,TELEMETRY,INFO,"READY GUIDED alt=-0.8 bat=99% sat=13"
15:05:49,Drone 1,STATUS,INFO,"PING 7 ms · ICMP"
15:05:50,Drone 1,TELEMETRY,INFO,"READY GUIDED alt=-0.5 bat=99% sat=12"
15:05:52,Drone 1,TELEMETRY,INFO,"READY GUIDED alt=-0.3 bat=99% sat=13"
15:05:53,Drone 1,TELEMETRY,INFO,"READY GUIDED alt=-0.3 bat=99% sat=13"
15:05:54,Drone 1,STATUS,INFO,"PING 35 ms · ICMP"
15:05:55,Drone 1,TELEMETRY,INFO,"READY GUIDED alt=-0.3 bat=99% sat=13"
15:05:55,System,COMMAND,INFO,"SERVO B CH8 — ยกเลิก (คืนช่องให้รีโมท) · 1 ลำ [RC7=1050 RC8=1950 · SV7=0 SV8=1950]"
15:05:55,System,COMMAND,INFO,"SERVO B D1: FAILED — ไม่ได้รับคำตอบจาก core (ดู log ของ core)"
15:05:56,Drone 1,TELEMETRY,INFO,"READY GUIDED alt=-0.4 bat=99% sat=13"
15:05:56,System,COMMAND,SUCCESS,"SERVO B ปิดแล้ว · คืนช่องให้รีโมท (ห้องว่าง)"
15:05:58,Drone 1,TELEMETRY,INFO,"READY GUIDED alt=-0.5 bat=99% sat=13"
15:05:58,System,COMMAND,INFO,"SERVO B CH8 — สั่ง (PWM 1950) · 1 ลำ [RC7=1050 RC8=900 · SV7=0 SV8=900]"
15:05:58,System,COMMAND,INFO,"SERVO B D1: FAILED — ไม่ได้รับคำตอบจาก core (ดู log ของ core)"
15:05:59,Drone 1,STATUS,INFO,"PING 25 ms · ICMP"
15:05:59,Drone 1,TELEMETRY,INFO,"READY GUIDED alt=-0.6 bat=99% sat=13"
15:06:01,Drone 1,TELEMETRY,INFO,"READY GUIDED alt=-0.7 bat=99% sat=13"
15:06:02,Drone 1,TELEMETRY,INFO,"READY GUIDED alt=-0.7 bat=99% sat=13"
15:06:04,Drone 1,TELEMETRY,INFO,"READY GUIDED alt=-0.7 bat=99% sat=13"
15:06:04,Drone 1,STATUS,INFO,"PING 72 ms · ICMP"
15:06:05,System,COMMAND,INFO,"SERVO B CH8 — ยกเลิก (คืนช่องให้รีโมท) · 1 ลำ [RC7=1050 RC8=1950 · SV7=0 SV8=1950]"
15:06:05,System,COMMAND,INFO,"SERVO B D1: FAILED — ไม่ได้รับคำตอบจาก core (ดู log ของ core)"
15:06:05,Drone 1,TELEMETRY,INFO,"READY GUIDED alt=-0.7 bat=99% sat=13"
15:06:06,System,COMMAND,SUCCESS,"SERVO B ปิดแล้ว · คืนช่องให้รีโมท (ห้องว่าง)"
15:06:07,Drone 1,TELEMETRY,INFO,"READY GUIDED alt=-0.5 bat=99% sat=14"
15:06:08,Drone 1,TELEMETRY,INFO,"READY GUIDED alt=-0.4 bat=99% sat=14"
15:06:09,Drone 1,STATUS,INFO,"PING 18 ms · ICMP"
15:06:10,Drone 1,TELEMETRY,INFO,"READY GUIDED alt=-0.4 bat=99% sat=14"
15:06:11,Drone 1,TELEMETRY,INFO,"READY GUIDED alt=-0.4 bat=99% sat=14"
15:06:13,Drone 1,TELEMETRY,INFO,"READY GUIDED alt=-0.6 bat=99% sat=14"
15:06:14,Drone 1,STATUS,INFO,"PING 49 ms · ICMP"
15:06:14,Drone 1,TELEMETRY,INFO,"READY GUIDED alt=-0.7 bat=99% sat=14"
15:06:16,Drone 1,TELEMETRY,INFO,"READY GUIDED alt=-0.8 bat=99% sat=14"
15:06:17,Drone 1,TELEMETRY,INFO,"READY GUIDED alt=-0.7 bat=99% sat=14"
15:06:19,Drone 1,TELEMETRY,INFO,"READY GUIDED alt=-0.6 bat=99% sat=14"
15:06:19,Drone 1,STATUS,INFO,"PING 13 ms · ICMP"
15:06:20,Drone 1,TELEMETRY,INFO,"READY GUIDED alt=-0.6 bat=99% sat=14"
15:06:21,System,COMMAND,INFO,"SERVO B CH8 — สั่ง (PWM 1950) · 1 ลำ [RC7=1050 RC8=900 · SV7=0 SV8=900]"
15:06:21,System,COMMAND,INFO,"SERVO B D1: FAILED — ไม่ได้รับคำตอบจาก core (ดู log ของ core)"
15:06:22,Drone 1,TELEMETRY,INFO,"READY GUIDED alt=-0.5 bat=99% sat=14"
15:06:23,Drone 1,TELEMETRY,INFO,"READY GUIDED alt=-0.4 bat=99% sat=14"
15:06:24,Drone 1,STATUS,INFO,"PING 55 ms · ICMP"
15:06:25,Drone 1,TELEMETRY,INFO,"READY GUIDED alt=-0.4 bat=99% sat=14"
15:06:26,Drone 1,TELEMETRY,INFO,"READY GUIDED alt=-0.4 bat=99% sat=14"
15:06:27,System,COMMAND,INFO,"SERVO B CH8 — ยกเลิก (คืนช่องให้รีโมท) · 1 ลำ [RC7=1050 RC8=900 · SV7=0 SV8=900]"
15:06:27,System,COMMAND,INFO,"SERVO B D1: FAILED — ไม่ได้รับคำตอบจาก core (ดู log ของ core)"
15:06:28,Drone 1,TELEMETRY,INFO,"READY GUIDED alt=-0.4 bat=99% sat=14"
15:06:28,System,COMMAND,SUCCESS,"SERVO B ปิดแล้ว · คืนช่องให้รีโมท (ห้องว่าง)"
15:06:29,Drone 1,STATUS,INFO,"PING 10 ms · ICMP"
15:06:29,Drone 1,TELEMETRY,INFO,"READY GUIDED alt=-0.4 bat=99% sat=14"
15:06:31,Drone 1,TELEMETRY,INFO,"READY GUIDED alt=-0.4 bat=99% sat=14"
15:06:32,System,COMMAND,INFO,"SERVO B CH8 — สั่ง (PWM 1950) · 1 ลำ [RC7=1050 RC8=900 · SV7=0 SV8=900]"
15:06:32,System,COMMAND,INFO,"SERVO B D1: FAILED — ไม่ได้รับคำตอบจาก core (ดู log ของ core)"
15:06:32,Drone 1,TELEMETRY,INFO,"READY GUIDED alt=-0.4 bat=99% sat=14"
15:06:34,Drone 1,TELEMETRY,INFO,"READY GUIDED alt=-0.5 bat=99% sat=14"
15:06:34,Drone 1,STATUS,INFO,"PING 109 ms · ICMP"
15:06:35,Drone 1,TELEMETRY,INFO,"READY GUIDED alt=-0.6 bat=99% sat=14"
15:06:37,Drone 1,TELEMETRY,INFO,"READY GUIDED alt=-0.8 bat=99% sat=14"
15:06:38,Drone 1,TELEMETRY,INFO,"READY GUIDED alt=-1.0 bat=99% sat=14"
15:06:39,System,COMMAND,INFO,"SERVO B CH8 — ยกเลิก (คืนช่องให้รีโมท) · 1 ลำ [RC7=1050 RC8=900 · SV7=0 SV8=900]"
15:06:39,Drone 1,STATUS,INFO,"PING 35 ms · ICMP"
15:06:39,System,COMMAND,INFO,"SERVO B D1: FAILED — ไม่ได้รับคำตอบจาก core (ดู log ของ core)"
15:06:40,Drone 1,TELEMETRY,INFO,"READY GUIDED alt=-1.0 bat=99% sat=14"
15:06:40,System,COMMAND,SUCCESS,"SERVO B ปิดแล้ว · คืนช่องให้รีโมท (ห้องว่าง)"
15:06:41,Drone 1,TELEMETRY,INFO,"READY GUIDED alt=-1.0 bat=99% sat=14"
15:06:43,Drone 1,TELEMETRY,INFO,"READY GUIDED alt=-0.9 bat=99% sat=14"
15:06:44,Drone 1,STATUS,INFO,"PING 71 ms · ICMP"
15:06:44,Drone 1,TELEMETRY,INFO,"READY GUIDED alt=-0.8 bat=99% sat=14"
15:06:46,Drone 1,TELEMETRY,INFO,"READY GUIDED alt=-0.7 bat=99% sat=13"
15:06:47,Drone 1,TELEMETRY,INFO,"READY GUIDED alt=-0.6 bat=99% sat=13"
15:06:49,Drone 1,TELEMETRY,INFO,"READY GUIDED alt=-0.6 bat=99% sat=13"
15:06:49,Drone 1,STATUS,INFO,"PING 17 ms · ICMP"
15:06:50,Drone 1,TELEMETRY,INFO,"READY GUIDED alt=-0.5 bat=99% sat=12"
15:06:52,Drone 1,TELEMETRY,INFO,"READY GUIDED alt=-0.3 bat=99% sat=13"
15:06:53,Drone 1,TELEMETRY,INFO,"READY GUIDED alt=-0.2 bat=99% sat=14"
15:06:54,Drone 1,STATUS,INFO,"PING 59 ms · ICMP"
15:06:55,Drone 1,TELEMETRY,INFO,"READY GUIDED alt=-0.2 bat=99% sat=13"
15:06:55,System,COMMAND,INFO,"SERVO B CH8 — สั่ง (PWM 1950) · 1 ลำ [RC7=1050 RC8=900 · SV7=0 SV8=900]"
15:06:55,System,COMMAND,INFO,"SERVO B D1: FAILED — ไม่ได้รับคำตอบจาก core (ดู log ของ core)"
15:06:56,Drone 1,TELEMETRY,INFO,"READY GUIDED alt=-0.2 bat=99% sat=12"
15:06:58,Drone 1,TELEMETRY,INFO,"READY GUIDED alt=-0.1 bat=99% sat=12"
15:06:59,Drone 1,STATUS,INFO,"PING 60 ms · ICMP"
15:06:59,Drone 1,TELEMETRY,INFO,"READY GUIDED alt=-0.1 bat=99% sat=11"
15:07:01,Drone 1,TELEMETRY,INFO,"READY GUIDED alt=-0.0 bat=99% sat=11"
15:07:02,Drone 1,TELEMETRY,INFO,"READY GUIDED alt=-0.0 bat=99% sat=12"
15:07:04,Drone 1,STATUS,INFO,"PING 73 ms · ICMP"
15:07:04,Drone 1,TELEMETRY,INFO,"READY GUIDED alt=0.0 bat=99% sat=12"
15:07:04,System,COMMAND,INFO,"SERVO B CH8 — ยกเลิก (คืนช่องให้รีโมท) · 1 ลำ [RC7=1050 RC8=900 · SV7=0 SV8=900]"
15:07:04,System,COMMAND,INFO,"SERVO B D1: FAILED — ไม่ได้รับคำตอบจาก core (ดู log ของ core)"
15:07:05,Drone 1,TELEMETRY,INFO,"READY GUIDED alt=-0.1 bat=99% sat=11"
15:07:06,System,COMMAND,SUCCESS,"SERVO B ปิดแล้ว · คืนช่องให้รีโมท (ห้องว่าง)"
15:07:07,Drone 1,TELEMETRY,INFO,"READY GUIDED alt=-0.2 bat=99% sat=11"
15:07:08,Drone 1,TELEMETRY,INFO,"READY GUIDED alt=-0.3 bat=99% sat=11"
15:07:09,Drone 1,STATUS,INFO,"PING 3 ms · ICMP"
15:07:10,Drone 1,TELEMETRY,INFO,"READY GUIDED alt=-0.3 bat=99% sat=12"
15:07:11,System,COMMAND,INFO,"SERVO B CH8 — สั่ง (PWM 1950) · 1 ลำ [RC7=1050 RC8=900 · SV7=0 SV8=900]"
15:07:11,System,COMMAND,INFO,"SERVO B D1: FAILED — ไม่ได้รับคำตอบจาก core (ดู log ของ core)"
15:07:11,Drone 1,TELEMETRY,INFO,"READY GUIDED alt=-0.4 bat=99% sat=12"
15:07:13,Drone 1,TELEMETRY,INFO,"READY GUIDED alt=-0.3 bat=99% sat=12"
15:07:14,Drone 1,STATUS,INFO,"PING 98 ms · ICMP"
15:07:14,Drone 1,TELEMETRY,INFO,"READY GUIDED alt=-0.3 bat=99% sat=11"
15:07:16,Drone 1,TELEMETRY,INFO,"READY GUIDED alt=-0.3 bat=99% sat=11"
15:07:16,System,COMMAND,INFO,"SERVO B CH8 — ยกเลิก (คืนช่องให้รีโมท) · 1 ลำ [RC7=1050 RC8=1950 · SV7=0 SV8=1950]"
15:07:16,System,COMMAND,INFO,"SERVO B D1: FAILED — ไม่ได้รับคำตอบจาก core (ดู log ของ core)"
15:07:17,Drone 1,TELEMETRY,INFO,"READY GUIDED alt=-0.3 bat=99% sat=13"
15:07:18,System,COMMAND,SUCCESS,"SERVO B ปิดแล้ว · คืนช่องให้รีโมท (ห้องว่าง)"
15:07:19,Drone 1,STATUS,INFO,"PING 14 ms · ICMP"
15:07:19,Drone 1,TELEMETRY,INFO,"READY GUIDED alt=-0.3 bat=99% sat=13"
15:07:20,Drone 1,TELEMETRY,INFO,"READY GUIDED alt=-0.4 bat=99% sat=13"
15:07:22,Drone 1,TELEMETRY,INFO,"READY GUIDED alt=-0.4 bat=99% sat=13"
15:07:23,Drone 1,TELEMETRY,INFO,"READY GUIDED alt=-0.4 bat=99% sat=13"
15:07:24,Drone 1,STATUS,INFO,"PING 66 ms · ICMP"
15:07:24,System,COMMAND,INFO,"SERVO B CH8 — สั่ง (PWM 1950) · 1 ลำ [RC7=1050 RC8=900 · SV7=0 SV8=900]"
15:07:24,System,COMMAND,INFO,"SERVO B D1: FAILED — ไม่ได้รับคำตอบจาก core (ดู log ของ core)"
15:07:25,Drone 1,TELEMETRY,INFO,"READY GUIDED alt=-0.4 bat=99% sat=14"
15:07:26,Drone 1,TELEMETRY,INFO,"READY GUIDED alt=-0.6 bat=99% sat=14"
15:07:28,Drone 1,TELEMETRY,INFO,"READY GUIDED alt=-0.7 bat=99% sat=14"
15:07:29,Drone 1,STATUS,INFO,"PING 56 ms · ICMP"
15:07:29,System,COMMAND,INFO,"SERVO B CH8 — ยกเลิก (คืนช่องให้รีโมท) · 1 ลำ [RC7=1050 RC8=1950 · SV7=0 SV8=1950]"
15:07:29,System,COMMAND,INFO,"SERVO B D1: FAILED — ไม่ได้รับคำตอบจาก core (ดู log ของ core)"
15:07:29,Drone 1,TELEMETRY,INFO,"READY GUIDED alt=-0.8 bat=99% sat=13"
15:07:30,System,COMMAND,SUCCESS,"SERVO B ปิดแล้ว · คืนช่องให้รีโมท (ห้องว่าง)"
15:07:31,Drone 1,TELEMETRY,INFO,"READY GUIDED alt=-0.8 bat=99% sat=14"
15:07:32,Drone 1,TELEMETRY,INFO,"READY GUIDED alt=-0.8 bat=99% sat=14"
15:07:34,Drone 1,STATUS,INFO,"PING 59 ms · ICMP"
15:07:34,Drone 1,TELEMETRY,INFO,"READY GUIDED alt=-0.9 bat=99% sat=15"
15:07:35,Drone 1,TELEMETRY,INFO,"READY GUIDED alt=-0.9 bat=99% sat=14"
15:07:37,Drone 1,TELEMETRY,INFO,"READY GUIDED alt=-1.0 bat=99% sat=15"
15:07:38,Drone 1,TELEMETRY,INFO,"READY GUIDED alt=-0.9 bat=99% sat=15"
15:07:39,Drone 1,STATUS,INFO,"PING 5 ms · ICMP"
15:07:40,Drone 1,TELEMETRY,INFO,"READY GUIDED alt=-0.7 bat=99% sat=15"
15:07:41,Drone 1,TELEMETRY,INFO,"READY GUIDED alt=-0.7 bat=99% sat=15"
15:07:43,Drone 1,TELEMETRY,INFO,"READY GUIDED alt=-0.7 bat=99% sat=15"
15:07:44,Drone 1,STATUS,INFO,"PING 79 ms · ICMP"
15:07:44,Drone 1,TELEMETRY,INFO,"READY GUIDED alt=-0.7 bat=99% sat=14"
15:07:46,Drone 1,TELEMETRY,INFO,"READY GUIDED alt=-0.7 bat=99% sat=15"
15:07:47,Drone 1,TELEMETRY,INFO,"READY GUIDED alt=-0.7 bat=99% sat=15"
15:07:49,Drone 1,STATUS,INFO,"PING 11 ms · ICMP"
15:07:49,Drone 1,TELEMETRY,INFO,"READY GUIDED alt=-0.7 bat=99% sat=15"
15:07:50,Drone 1,TELEMETRY,INFO,"READY GUIDED alt=-0.7 bat=99% sat=14"
15:07:52,Drone 1,TELEMETRY,INFO,"READY GUIDED alt=-0.8 bat=99% sat=15"
15:07:53,Drone 1,TELEMETRY,INFO,"READY GUIDED alt=-0.8 bat=99% sat=15"
15:07:54,Drone 1,STATUS,INFO,"PING 69 ms · ICMP"
